orig	pt	ptcurto	en	
% casos novos MB			MB new case rate %	
% de casos notificados em outro mun. entre	% casos notificados em outro munic√≠pio entre		% of cases notified in another county	
% de casos novos do tipo MB entre	Propor√ß√£o de casos novos multibacilares entre o total de casos novos 	% casos novos multibacilares entre	MB rate among new cases	
% notif. em outro munic√≠pio			% notified in another county	
üîç BUSCAR			üîç SEARCH	
Adicione um local			Add a county	
C. n. com GIF 2	Casos novos com GIF 2	C.N. com GIF = 2	New Cases with Gr 2 disab.	
C. n. do tipo MB	C.N. classif. MB	Casos novos MB	MB rate among new cases	
C. n. em crian√ßas	Detec√ß√£o casos novos < 15 anos	Detec√ß√£o < 15 anos	Rate of new cases in children	
c.n. < 15 anos / 100k hab			N.C. < 15 yrs / 100k pop.	
C.n. com grau de incap. 2  por 1M hab. entre	Casos novos com GIF 2 / 1 milh√£o hab. entre		Rate of new cases with Grade 2 disability per 1M pop. between	
C.n. em menores de 15 anos por 100k hab. entre			New case rate <15 yrs per 100k pop. between:	
c.n. GIF 2 / 1M hab			N.C. with Gr 2 disab	
Casos	Total de casos notificados	Casos notificados	Number of cases	
Casos novos	Total de casos novos		New cases	
Casos novos com grau de incapacidade 2 por milh√£o de habitantes	Taxa de casos novos com grau 2 de incapacidade f√≠sica por 1 milh√£o de habitantes	Taxa casos novos GIF 2 / 1 M hab.	Rate of new cases with Grade 2 disability per 1M inhab.	
Casos novos em crian√ßas por 100 mil habitantes	Taxa de detec√ß√£o de casos novos em menores de 15 anos por 100 mil habitantes	Taxa detec√ß√£o casos novos <15 anos / 100 mil hab.	New case rate in <15 years per 100k inhab.	
Casos novos por 100 mil habitantes	Taxa de detec√ß√£o (Casos novos por 100 mil habitantes)	Taxa detec√ß√£o casos novos/100 mil hab.	New case detection rate / 100 thousand inhab.	
Casos novos por 100k habitantes			New case detection rate per 100k inhabitants.	
FILTRAR POR			FILTER BY	
Mostrar municipios com taxa de casos novos por 100k hab. entre:			Show counties with new case rate between:	
Notif. outro mun.			Notified in another county	
Notif. outro mun.			Notified in another county	
Popula√ß√£o			Population	
Propor√ß√£o de casos novos do tipo MB (%)	Propor√ß√£o de casos novos classificados MB (%)	Propor√ß√£o de casos novos classif. MB (%)	MB rate among new cases (%)	
Propor√ß√£o de notifica√ß√£o em outro munic√≠pio (%)			Ratio of cases notified in another county (%)	
Ranking de casos novos < 15 anos / 100k hab.			Ranking by new cases in <15 yrs	
ranking por c.n. GIF 2			Ranking by rate of new cases w/ GIF 2	
ranking por propor√ß√£o de casos novos MB			Ranking by rate of new cases MB	
Ranking por taxa de casos novos / 100k hab.			Ranking by new cases 	
ranking por tx. preval√™ncia			Ranking by prevalence rate	
Regi√£o			Region	
Regi√£o de sa√∫de			Health Region	
Selecione at√© 4 munic√≠pios com duplo clique nos gr√°ficos			Select up to 4 counties by double clicking on the graphs	
Taxa de preval√™ncia por 10 mil habitantes			Prevalence rate for 10 thousand inhabitants	
Tx de preval√™ncia por 10k hab. entre			Prevalence rate per 10k inhab. between	
Tx. preval√™ncia	Taxa de preval√™ncia por 10 mil habitantes		Prevalence rate	
tx. preval√™ncia / 10k hab			Prevalence rate / 10k pop.	
Unidade da federa√ß√£o			State	
√çndice de Desenvolvimento Humano (2010)			Human Development Index (2010)	
IDH (2010)			HDI (2010)	
Mostrar municipios IDH (2010) entre:			Show counties with HDI (2010) between:	
Ranking por IDH(2010).			Ranking by HDI (2010)	
Selecionar uma regi√£o			Select a region	
Selecionar um estado			Select a state	
Selecionar regi√£o de sa√∫de			Select a health region	
habitantes			inhabitants	
por 100k hab			per 100k inhab.	
por 1M hab			per 1M inhab.	